<?xml version="1.0"?>
<config xmlns:xsi="http://www.w3.org/2001/XMLSchema-instance" xsi:noNamespaceSchemaLocation="urn:magento:framework:ObjectManager/etc/config.xsd">

    <!-- Replace MageWorx collection with custom one -->
    <preference for="MageWorx\Locations\Model\ResourceModel\Location\Grid\Collection"
                type="Highgrove\StoreLocator\Model\ResourceModel\Location\Grid\Collection" />

    <!-- Update collection mapping for UI datasource -->
    <type name="Magento\Framework\View\Element\UiComponent\DataProvider\CollectionFactory">
        <arguments>
            <argument name="collections" xsi:type="array">
                <item name="mageworx_locations_location_listing_data_source"
                      xsi:type="string">Highgrove\StoreLocator\Model\ResourceModel\Location\Grid\Collection</item>
            </argument>
        </arguments>
    </type>
</config>
