[
    {
        "code": "HBAL",
        "email": "ballarat@highgrovebathrooms.com"
    },
    {
        "code": "HBED",
        "email": "bendigo@highgrovebathrooms.com"
    },
    {
        "code": "HBEL",
        "email": "bentleigh@highgrovebathrooms.com"
    },
    {
        "code": "HBRA",
        "email": "braybrook@highgrovebathrooms.com"
    },
    {
        "code": "HBRO",
        "email": "brookvale@highgrovebathrooms.com"
    },
    {
        "code": "HBUN",
        "email": "bundall@highgrovebathrooms.com"
    },
    {
        "code": "HLAN",
        "email": "cabramatta@highgrovebathrooms.com"
    },
    {
        "code": "HCAI",
        "email": "cairns@highgrovebathrooms.com"
    },
    {
        "code": "HCAM",
        "email": "campbelltown@highgrovebathrooms.com"
    },
    {
        "code": "HCAN",
        "email": "canberra@highgrovebathrooms.com"
    },
    {
        "code": "HCAP",
        "email": "capalaba@highgrovebathrooms.com"
    },
    {
        "code": "HCOF",
        "email": "coffsharbour.manager@highgrovebathrooms.com"
    },
    {
        "code": "HDAN",
        "email": "dandenong@highgrovebathrooms.com"
    },
    {
        "code": "HEAS",
        "email": "eastbrisbane@highgrovebathrooms.com"
    },
    {
        "code": "HFAW",
        "email": "fawkner@highgrovebathrooms.com"
    },
    {
        "code": "HFOR",
        "email": "valley@highgrovebathrooms.com"
    },
    {
        "code": "HGEE",
        "email": "geelong@highgrovebathrooms.com"
    },
    {
        "code": "HHEA",
        "email": "heatherbrae@highgrovebathrooms.com"
    },
    {
        "code": "HHER",
        "email": "herveybay@highgrovebathrooms.com"
    },
    {
        "code": "HHOB",
        "email": "hobart@highgrovebathrooms.com"
    },
    {
        "code": "HHOP",
        "email": "hopperscrossing@highgrovebathrooms.com"
    },
    {
        "code": "HIPS",
        "email": "ipswich@highgrovebathrooms.com"
    },
    {
        "code": "HKAW",
        "email": "kawana@highgrovebathrooms.com"
    },
    {
        "code": "HLAB",
        "email": "labrador@highgrovebathrooms.com"
    },
    {
        "code": "HLAW",
        "email": "lawnton@highgrovebathrooms.com"
    },
    {
        "code": "HMAN",
        "email": "mandurah@highgrovebathrooms.com"
    },
    {
        "code": "HMIL",
        "email": "mileend@highgrovebathrooms.com"
    },
    {
        "code": "HNEW",
        "email": "newcastle@highgrovebathrooms.com"
    },
    {
        "code": "HNOO",
        "email": "noosa@highgrovebathrooms.com"
    },
    {
        "code": "HNUN",
        "email": "nunawading@highgrovebathrooms.com"
    },
    {
        "code": "HOSB",
        "email": "osbornepark@highgrovebathrooms.com"
    },
    {
        "code": "HPEN",
        "email": "penrith@highgrovebathrooms.com"
    },
    {
        "code": "HPRE",
        "email": "preston@highgrovebathrooms.com"
    },
    {
        "code": "HROS",
        "email": "rosebud@highgrovebathrooms.com"
    },
    {
        "code": "HSEA",
        "email": "seaford@highgrovebathrooms.com"
    },
    {
        "code": "HSHE",
        "email": "shepparton@highgrovebathrooms.com"
    },
    {
        "code": "HSTA",
        "email": "adelaide@highgrovebathrooms.com"
    },
    {
        "code": "HSUM",
        "email": "summerhill@highgrovebathrooms.com"
    },
    {
        "code": "HTAR",
        "email": "tarenpoint@highgrovebathrooms.com"
    },
    {
        "code": "HTOW",
        "email": "townsville@highgrovebathrooms.com"
    },
    {
        "code": "HUND",
        "email": "underwood@highgrovebathrooms.com"
    },
    {
        "code": "HWAR",
        "email": "warragul@highgrovebathrooms.com"
    },
    {
        "code": "HGOS",
        "email": "westgosford@highgrovebathrooms.com"
    },
    {
        "code": "HWOD",
        "email": "wodonga@highgrovebathrooms.com"
    },
    {
        "code": "HWOL",
        "email": "wollongong@highgrovebathrooms.com"
    }
]
